Michael;Chung
Christopher;Chen
Jessica;Melton
Matthew;Hill
Ashley;Puckett
Jennifer;Song
Joshua;Hamilton
Amanda;Bender
Daniel;Wagner
David;McLaughlin
James;McNamara
Robert;Raynor
John;Moon
Joseph;Woodard
Andrew;Desai
Ryan;Wallace
Brandon;Lawrence
Jason;Griffin
Justin;Dougherty
Sarah;Powers
William;May
Jonathan;Steele
Stephanie;Teague
Brian;Vick
Nicole;Gallagher
Nicholas;Solomon
Anthony;Walsh
Heather;Monroe
Eric;Connolly
Elizabeth;Hawkins
Adam;Middleton
Megan;Goldstein
Melissa;Watts
Kevin;Johnston
Steven;Weeks
Thomas;Wilkerson
Timothy;Barton
Christina;Walton
Kyle;Hall
Rachel;Ross
Laura;Woods
Lauren;Mangum
Amber;Joseph
Brittany;Rosenthal
Danielle;Bowden
Richard;Underwood
Kimberly;Jones
Jeffrey;Baker
Amy;Merritt
Crystal;Cross
Michelle;Cooper
Tiffany;Holmes
Jeremy;Sharpe
Benjamin;Morgan
Mark;Hoyle
Emily;Allen
Aaron;Rich
Charles;Grant
Rebecca;Proctor
Jacob;Diaz
Stephen;Graham
Patrick;Watkins
Sean;Hinton
Erin;Marsh
Zachary;Hewitt
Jamie;Branch
Kelly;O'Brien
Samantha;Case
Nathan;Christensen
Sara;Parks
Dustin;Hardin
Paul;Lucas
Angela;Eason
Tyler;Davidson
Scott;Whitehead
Katherine;Rose
Andrea;Sparks
Gregory;Moore
Erica;Pearson
Mary;Rodgers
Travis;Graves
Lisa;Scarborough
Kenneth;Sutton
Bryan;Sinclair
Lindsey;Bowman
Kristen;Olsen
Jose;Love
Alexander;McLean
Jesse;Christian
Katie;Lamb
Lindsay;James
Shannon;Chandler
Vanessa;Stout
Courtney;Cowan
Christine;Golden
Alicia;Bowling
Cody;Beasley
Allison;Clapp
Bradley;Abrams
Samuel;Tilley
Shawn;Morse
April;Boykin
Derek;Sumner
Kathryn;Cassidy
Kristin;Heath
Chad;Blanchard
Jenna;McAllister
Tara;McKenzie
Maria;Byrne
Krystal;Schroeder
Jared;Gross
Anna;Perkins
Edward;Robertson
Julie;Palmer
Peter;Brady
Holly;Rowe
Marcus;Zhang
Kristina;Hodge
Natalie;Li
Jordan;Justice
Victoria;Glass
Jacqueline;Willis
Corey;Hester
Keith;Floyd
Monica;Fischer
Juan;Norman
Donald;Chan
Cassandra;Hunt
Meghan;Byrd
Joel;Lane
Shane;Kaplan
Phillip;Heller
Patricia;Jennings
Brett;Hanna
Ronald;Locklear
Catherine;Holloway
George;Glover
Antonio;O'Donnell
Cynthia;Goldman
Stacy;McKenna
Kathleen;Starr
Raymond;Stone
Carlos;McClure
Brandi;Watson
Douglas;Abbott
Nathaniel;Singer
Ian;Farrell
Craig;Atkins
Brandy;Sykes
Alex;Reid
Valerie;Finch
Veronica;Hobbs
Cory;Adkins
Whitney;Kinney
Gary;Whitaker
Derrick;Alexander
Philip;Conner
Luis;Waters
Diana;Becker
Chelsea;Rollins
Leslie;Black
Caitlin;Fox
Leah;Hatcher
Natasha;Wu
Erika;Lloyd
Casey;Joyce
Latoya;Welch
Erik;Matthews
Dana;Chappell
Victor;MacDonald
Brent;Kane
Dominique;Butler
Frank;Pickett
Brittney;Kennedy
Evan;Thornton
Gabriel;McNeill
Julia;Weinstein
Candice;Moss
Karen;Carlton
Melanie;Schultz
Adrian;Nichols
Stacey;Harvey
Margaret;Stevenson
Sheena;Houston
Wesley;Dunn
Vincent;West
Alexandra;Barr
Katrina;Snyder
Bethany;Cain
Nichole;Boswell
Larry;Pittman
Jeffery;Weiner
Curtis;Petersen
Carrie;Davis
Todd;Coleman
Blake;Terrell
Christian;Burch
Randy;Parrott
Dennis;Henry
Alison;Gray
Trevor;Chang
Seth;Siegel
Kara;Garrett
Joanna;Neal
Rachael;Shaffer
Luke;Choi
Felicia;Carver
Brooke;Shelton
Austin;House
Candace;Lyons
Jasmine;Moser
Jesus;Dickinson
Alan;Dodson
Susan;Spencer
Sandra;Burgess
Tracy;Liu
Kayla;Wong
Nancy;Blackburn
Tina;McKay
Krystle;Frazier
Russell;Braswell
Jeremiah;Donovan
Carl;Barrett
Miguel;Nance
Tony;Washington
Alexis;Rogers
Gina;McMahon
Jillian;Miles
Pamela;Kramer
Mitchell;Bowles
Hannah;Brown
Renee;Bolton
Denise;Craven
Molly;Hendrix
Jerry;Saunders
Misty;Lehman
Mario;Sherrill
Johnathan;Cash
Jaclyn;Sullivan
Brenda;Mack
Terry;Rice
Lacey;Ayers
Shaun;Cherry
Devin;Richmond
Heidi;York
Troy;Wiley
Lucas;Harrington
Desiree;Reed
Jorge;Nash
Andre;Kent
Morgan;Holland
Drew;Clements
Sabrina;Hawley
Miranda;Skinner
Alyssa;Hamrick
Alisha;Winters
Teresa;Dolan
Johnny;Turner
Meagan;Beatty
Allen;Douglas
Krista;Hendricks
Marc;Mayer
Tabitha;Cochran
Lance;Reilly
Ricardo;Jensen
Martin;Yates
Chase;Haynes
Theresa;Harmon
Melinda;Dawson
Monique;Barefoot
Tanya;Pope
Linda;Schwartz
Kristopher;Singleton
Bobby;Ballard
Caleb;Spivey
Ashlee;Denton
Kelli;Huff
Henry;Berger
Garrett;McCall
Mallory;Pollard
Jill;Garcia
Jonathon;Crane
Kristy;Wolf
Anne;Dalton
Francisco;Currin
Danny;Stanton
Robin;Carey
Lee;Hess
Tamara;Robinson
Manuel;Mills
Meredith;McDonald
Colleen;Lanier
Lawrence;Harris
Christy;Parsons
Ricky;Vaughn
Randall;Banks
Marissa;Oakley
Ross;Rubin
Mathew;Maynard
Jimmy;Livingston
Abigail;Lam
Kendra;Thompson
Carolyn;Creech
Billy;Dillon
Deanna;Foster
Jenny;Roy
Jon;Barbour
Albert;Burke
Taylor;Ritchie
Lori;Odom
Rebekah;Pearce
Cameron;Rosenberg
Ebony;O'Connor
Wendy;Cates
Angel;McIntosh
Micheal;Olson
Kristi;Cox
Caroline;Erickson
Colin;Briggs
Dawn;Klein
Kari;Goldberg
Clayton;Hinson
Arthur;Weiss
Roger;Pritchard
Roberto;Lassiter
Priscilla;Massey
Darren;Stark
Kelsey;Dunlap
Clinton;Humphrey
Walter;Horowitz
Louis;Lutz
Barbara;Hoover
Isaac;Kang
Cassie;Ellington
Grant;Lynn
Cristina;Albright
Tonya;Alston
Rodney;Burnette
Bridget;O'Neal
Joe;Morris
Cindy;Callahan
Oscar;Conway
Willie;Savage
Maurice;Henson
Jaime;Wang
Angelica;Ellis
Sharon;Pierce
Julian;Woodward
Jack;Godfrey
Jay;Langston
Calvin;Eaton
Marie;Lowe
Hector;Fuller
Kate;Simmons
Adrienne;Knight
Tasha;Gold
Michele;Hensley
Ana;French
Stefanie;Hughes
Cara;Pate
Alejandro;Burnett
Ruben;Francis
Gerald;Horn
Audrey;Forrest
Kristine;Levin
Ann;Durham
Shana;Guthrie
Javier;Freedman
Katelyn;Wiggins
Brianna;Best
Bruce;Crawford
Deborah;Drake
Claudia;Curtis
Carla;Walter
Wayne;Jenkins
Roy;Hood
Virginia;Jiang
Haley;Johnson
Brendan;Craig
Janelle;McIntyre
Jacquelyn;Brantley
Beth;Kelley
Edwin;Smith
Dylan;Wall
Dominic;Quinn
Latasha;Hicks
Darrell;Garrison
Geoffrey;Dickerson
Savannah;Waller
Reginald;Carter
Carly;Katz
Fernando;Hull
Ashleigh;Brock
Aimee;McMillan
Regina;Hu
Mandy;McKee
Sergio;Sims
Rafael;Henderson
Pedro;Rao
Janet;Bray
Kaitlin;Ford
Frederick;Blum
Cheryl;Kenney
Autumn;Gordon
Tyrone;Blair
Martha;Kemp
Omar;Hutchinson
Lydia;Brennan
Jerome;Little
Theodore;Gill
Abby;Keller
Neil;McConnell
Shawna;Sawyer
Sierra;Coates
Nina;Lindsay
Tammy;Gonzalez
Nikki;English
Terrance;Duke
Donna;Webb
Claire;Baldwin
Cole;Fletcher
Trisha;Boyd
Bonnie;Hirsch
Diane;Currie
Summer;Weber
Carmen;Honeycutt
Mayra;Manning
Jermaine;Riley
Eddie;Swanson
Micah;Huffman
Marvin;Gibson
Levi;Wrenn
Emmanuel;Green
Brad;Hayes
Taryn;Koch
Toni;Harrell
Jessie;McGuire
Evelyn;Stephenson
Darryl;Baxter
Ronnie;Summers
Joy;Nixon
Adriana;Kelly
Ruth;Cobb
Mindy;Bruce
Spencer;Newton
Noah;Sanchez
Raul;Silverman
Suzanne;Richardson
Sophia;Gay
Dale;Chase
Jodi;Kern
Christie;Scott
Raquel;Bradley
Naomi;Yang
Kellie;Bunn
Ernest;Link
Jake;Nguyen
Grace;Stephens
Tristan;Horne
Shanna;Burton
Hilary;Berry
Eduardo;Knowles
Ivan;Freeman
Hillary;Hernandez
Yolanda;Roach
Alberto;Hardison
Andres;Caldwell
Olivia;Mann
Armando;McLeod
Paula;Park
Amelia;Phillips
Sheila;Pitts
Rosa;Gould
Robyn;Shapiro
Kurt;Vincent
Dane;Fisher
Glenn;McPherson
Nicolas;McFarland
Gloria;Holden
Eugene;Hartman
Logan;Friedman
Steve;Adcock
Ramon;Lang
Bryce;Aldridge
Tommy;Davies
Preston;Ferrell
Keri;Hedrick
Devon;Singh
Alana;Blalock
Marisa;Grossman
Melody;Pugh
Rose;Fernandez
Barry;Arnold
Marco;Stanley
Karl;Field
Daisy;Farmer
Leonard;Jernigan
Randi;Bowers
Maggie;Crabtree
Charlotte;Archer
Emma;Owen
Terrence;Strickland
Justine;Berg
Britney;Gibbons
Lacy;Warner
Jeanette;Anderson
Francis;Elmore
Tyson;Harper
Elise;Chu
Sylvia;Mitchell
Rachelle;Sharp
Stanley;Martin
Debra;Lowry
Brady;Cooke
Charity;Fink
Hope;Coley
Melvin;Mueller
Johanna;Paul
Karla;Daniel
Jarrod;Padgett
Charlene;Daniels
Gabrielle;Hines
Cesar;Pridgen
Clifford;Lopez
Byron;McCarthy
Terrell;Frederick
Sonia;Brandt
Julio;Nolan
Stacie;Corbett
Shelby;Barber
Shelly;Buckley
Edgar;Walters
Roxanne;Stevens
Dwayne;Rowland
Kaitlyn;Kirby
Kasey;Benson
Jocelyn;Anthony
Alexandria;Grimes
Harold;Godwin
Esther;Townsend
Kerri;Lin
Ellen;Long
Abraham;Norton
Cedric;O'Connell
Carol;Lawson
Katharine;Hansen
Shauna;Berman
Frances;Carroll
Antoine;Kearney
Tabatha;Peterson
Annie;Richards
Erick;Sutherland
Alissa;McCormick
Sherry;Beach
Chelsey;Gunter
Franklin;Cline
Branden;Braun
Helen;Preston
Traci;Levine
Lorenzo;Lynch
Dean;Simpson
Sonya;Galloway
Briana;Dickson
Angelina;Murphy
Trista;Cannon
Bianca;Fleming
Leticia;Hanson
Tia;Blackwell
Kristie;Zimmerman
Stuart;Dyer
Laurie;Greenberg
Harry;High
Leigh;Copeland
Elisabeth;Beck
Alfredo;King
Aubrey;Benton
Ray;Boyette
Arturo;Byers
Joey;Cook
Kelley;Mayo
Max;Marks
Andy;Ball
Latisha;Kirk
Johnathon;Tyson
India;Payne
Eva;Roth
Ralph;Coble
Yvonne;Langley
Warren;Daly
Kirsten;Franklin
Miriam;Tyler
Kelvin;Davenport
Lorena;Chambers
Staci;Thomas
Anita;Arthur
Rene;Law
Cortney;Hardy
Orlando;Dale
Carissa;Russell
Jade;Whitley
Camille;Curry
Leon;Casey
Paige;Meadows
Marcos;Fitzpatrick
Elena;Hale
Brianne;Carlson
Dorothy;Warren
Marshall;Nelson
Daryl;Lancaster
Colby;Kay
Terri;Moran
Gabriela;Ashley
Brock;Conrad
Gerardo;Poole
Jane;McKinney
Nelson;Stuart
Tamika;Britt
Alvin;Owens
Chasity;Connor
Trent;Herbert
Jana;Aycock
Enrique;Barry
Tracey;Bishop
Antoinette;Bailey
Jami;Riddle
Earl;Gilbert
Gilbert;Mullen
Damien;Bradshaw
Janice;Jordan
Christa;Upchurch
Tessa;Allison
Kirk;Vaughan
Yvette;Sellers
Elijah;Montgomery
Howard;Snow
Elisa;McKnight
Desmond;Crews
Clarence;Sharma
Alfred;Pappas
Darnell;Hubbard
Breanna;Wolfe
Kerry;Clarke
Nickolas;Leach
Maureen;Capps
Karina;Holt
Roderick;Jackson
Rochelle;Kendall
Rhonda;Riggs
Keisha;Williams
Irene;Dudley
Ethan;Howe
Alice;Rouse
Allyson;Greer
Hayley;Howell
Trenton;Mathews
Beau;Goodwin
Elaine;Whitfield
Demetrius;Hurley
Cecilia;Sweeney
Annette;Crowder
Brandie;Lamm
Katy;Hodges
Tricia;Higgins
Bernard;Peters
Wade;Roberson
Chance;Bass
Bryant;Shea
Zachery;O'Neill
Clifton;Murray
Julianne;Ramsey
Angelo;Pollock
Elyse;Patel
Lyndsey;Peacock
Clarissa;Horton
Meaghan;Herndon
Tanisha;Goodman
Ernesto;Marcus
Isaiah;Gregory
Xavier;Wheeler
Clint;Wooten
Jamal;Hsu
Kathy;Hoffman
Salvador;Hampton
Jena;Frost
Marisol;Prince
Darius;Faulkner
Guadalupe;Decker
Chris;Tucker
Patrice;Garner
Jenifer;Werner
Lynn;Pruitt
Landon;Patrick
Brenton;Burns
Sandy;Kessler
Jasmin;Gentry
Ariel;Armstrong
Sasha;Wood
Juanita;Howard
Israel;Doyle
Ericka;Kumar
Quentin;Shepherd
Jayme;Shore
Damon;Day
Heath;Hwang
Kira;Tuttle
Ruby;Hahn
Rita;Randall
Tiara;Oliver
Jackie;Miller
Jennie;Parrish
Collin;Taylor
Lakeisha;Medlin
Kenny;Knox
Norman;Haas
Leanne;Bland
Hollie;Newman
Destiny;Larson
Shelley;Simon
Amie;McBride
Callie;Rodriguez
Hunter;Donnelly
Duane;Kaufman
Sally;Pennington
Serena;Todd
Lesley;Batchelor
Connie;Boyer
Dallas;Shaw
Simon;Leonard
Neal;Levy
Laurel;Kim
Eileen;Gilliam
Lewis;Shah
Bobbie;Kahn
Faith;Roberts
Brittani;Church
Shayla;Brandon
Eli;Lambert
Judith;Patton
Terence;Jacobson
Ciara;Cole
Charlie;Barker
Alyson;Bradford
Vernon;Herring
Alma;Hudson
Quinton;Bennett
Nora;Frye
Lillian;Morrow
Leroy;Sherman
Joyce;Fowler
Chrystal;Barnett
Marquita;Reddy
Lamar;Spears
Ashlie;Hunter
Kent;Herman
Emanuel;Stewart
Joanne;Flowers
Gavin;Dixon
Yesenia;Gibbs
Perry;Williamson
Marilyn;Schmidt
Graham;Kidd
Constance;Zhao
Lena;Bean
Allan;Bryan
Juliana;Peck
Jayson;Adams
Shari;Womble
Nadia;Alford
Tanner;White
Isabel;Block
Becky;Cummings
Rudy;Stafford
Blair;Reynolds
Christen;Booth
Rosemary;Sloan
Marlon;McCullough
Glen;Glenn
Genevieve;Cohen
Damian;Reese
Michaela;Baird
Shayna;Porter
Marquis;Huang
Fredrick;Feldman
Celeste;Edwards
Bret;Shannon
Betty;Williford
Kurtis;Reeves
Rickey;Schneider
Dwight;Yu
Rory;Thomson
Mia;Bauer
Josiah;Cho
Norma;Peele
Bridgette;Gupta
Shirley;Bridges
Sherri;Bush
Noelle;Bernstein
Chantel;Bond
Alisa;Small
Zachariah;Flynn
Jody;Phelps
Christin;Kirkland
Julius;Tate
Gordon;Rivera
Latonya;Robbins
Lara;Lu
Lucy;Chapman
Jarrett;Keith
Elisha;Perez
Deandre;Avery
Audra;Strauss
Beverly;Powell
Felix;Potter
Alejandra;McGee
Nolan;Walker
Tiffani;Cheek
Lonnie;Wells
Don;Bullard
Darlene;Wilkinson
Rodolfo;Sanders
Terra;Ray
Sheri;Brewer
Iris;Clayton
Maxwell;Stern
Kendall;Myers
Ashly;Dorsey
Kendrick;Browning
Jean;Wright
Jarvis;Foley
Fred;Osborne
Tierra;McLamb
Abel;Lindsey
Pablo;Morton
Maribel;Forbes
Donovan;Rankin
Stephan;Norris
Judy;Ward
Elliott;Mercer
Tyrell;Logan
Chanel;Hopkins
Miles;McCoy
Fabian;Bell
Alfonso;Terry
Cierra;Han
Mason;Nicholson
Larissa;Vogel
Elliot;Lyon
Brenna;Meyer
Bradford;Blake
Kristal;Lee
Gustavo;Harding
Gretchen;Bullock
Derick;Kerr
Jarred;Combs
Pierre;Gardner
Lloyd;Collins
Jolene;Orr
Marlene;Lester
Leo;Xu
Jamar;Maxwell
Dianna;Mullins
Noel;Bowen
Angie;Sigmon
Tatiana;Bynum
Rick;Atkinson
Leann;Andrews
Corinne;Brooks
Sydney;Griffith
Belinda;Ingram
Lora;Jacobs
Mackenzie;Gillespie
Herbert;Khan
Guillermo;Martinez
Tameka;Dean
Elias;Michael
Janine;Perry
Ben;Silver
Stefan;Spence
Josephine;Cunningham
Dominick;Deal
Jameson;Wade
Bobbi;Bloom
Blanca;Boyle
Josue;Bartlett
Esmeralda;Dennis
Darin;Poe
Ashely;Hurst
Clay;Giles
Cassidy;Kuhn
Roland;Moody
Ismael;Epstein
Harrison;Short
Lorraine;Ryan
Owen;Parker
Daniela;Clark
Rocky;Boone
Marisela;Fields
Saul;Willard
Kory;Bryant
Dexter;Morrison
Chandra;Stein
Gwendolyn;Petty
Francesca;Helms
Alaina;Adler
Mandi;Holder
Fallon;Talley
Celia;Stroud
Vivian;Rosen
Rolando;Duffy
Raven;Fitzgerald
Lionel;Buchanan
Carolina;Price
Tania;Webster
Joann;Page
Casandra;Elliott
Betsy;Lim
Tracie;Noble
Dante;Ferguson
Trey;Finley
Margarita;Beard
Skyler;Hancock
Sade;Wise
Lyndsay;Cheng
Jacklyn;Carr
Marina;Rhodes
Rogelio;Craft
Racheal;Winstead
Mollie;Zhu
Liliana;McDaniel
Maegan;Joyner
Felipe;Lewis
Malcolm;Allred
Santana;Hammond
Anastasia;Horner
Madeline;Everett
Breanne;Wilcox
Tiffanie;Zhou
Dillon;Jain
Melisa;Tan
Darrin;Merrill
Carlton;Patterson
Cornelius;Woodruff
Precious;Pace
Ivy;Mason
Lea;Stokes
Susana;Gorman
Loren;Melvin
Jeff;Grady
Chiquita;Schaefer
Teri;Collier
Tera;Campbell
Caitlyn;Hauser
Hailey;Cameron
Donte;Duncan
Oliver;Oh
Natalia;Pratt
Cherie;Gates
Lakisha;Ho
Karissa;Carpenter
Jeannette;Camp
Ariana;Barbee
Lucia;Ennis
Jerrod;Barnes
Kassandra;Faircloth
Guy;Newell
Milton;Ivey
Micaela;Wilkins
Krystina;Meyers
Esteban;Weaver
Gilberto;Marshall
Chelsie;Swain
Antwan;Harrison
Cathy;Sun
Ty;Crowell
Shante;Hong
Roman;Welsh
Kylie;Wilson
Mercedes;Dickens
Dena;George
Christi;McDowell
Latrice;Sanford
Kellen;Shields
Freddie;Tanner
Clara;Frank
Rosanna;Schwarz
Demarcus;Austin
Domonique;Bates
Alvaro;Evans
Shaina;Buck
Nathanael;Wyatt
Kacie;Hart
Jodie;Stallings
Dusty;Covington
Sidney;Blanton
Adrianne;Greene
Mike;Young
Chloe;Hogan
Alecia;Carson
Sam;Wilder
Rocio;Malone
